{"eval/step": 10, "eval_generation/step_0": {"_type": "table-file", "sha256": "a9e564c76dccd4a48731ba4429a412625f29c58256a095176ed2acb45e7fd59d", "size": 147669, "artifact_path": "wandb-client-artifact://9fub8m07fz0swd0e1uqu9d6jnsfs62mjh5rgc4nmxo3toy4zrhd7cimfsveykkmnyl1sl3npxngqkhutu5t7tyi1h6mqg1b9uqlro1zikggot6ipsmgyvqnrhyg5fur5:latest/eval_generation/step_0.table.json", "_latest_artifact_path": "wandb-client-artifact://9fub8m07fz0swd0e1uqu9d6jnsfs62mjh5rgc4nmxo3toy4zrhd7cimfsveykkmnyl1sl3npxngqkhutu5t7tyi1h6mqg1b9uqlro1zikggot6ipsmgyvqnrhyg5fur5:latest/eval_generation/step_0.table.json", "path": "media/table/eval_generation/step_0_0_a9e564c76dccd4a48731.table.json", "ncols": 15, "nrows": 36}, "eval/rouge": {"max": 38.857866287231445}, "eval/rewards": {"max": 0.6383851530763064}, "eval/verbosity_rew_given": {"max": 0.44999999999999996}, "eval/factuality_rew_given": {"max": 0.25}, "eval/completeness_rew_given": {"max": -0.03008558937004728}, "eval/relevance_ratios": {"max": 0.6500000069538753}, "eval/factuality_ratios": {"max": 0.5750000052154064}, "eval/completeness_rewards": {"max": -0.10028528856734435}, "eval/n_sub_sentences": {"max": 5.25}, "eval/n_sentences": {"max": 3.5}, "eval/lengths": {"max": 88.44444444444444}, "eval/logprobs": {"max": -55777.84396701389}, "_timestamp": 1706433817.1050756, "_runtime": 684.5684366226196, "_step": 13, "train/step": 10, "train/lr": 1e-05, "train/head_wts/var_0": 0.0006998045137152076, "train/head_wts/var_1": 0.0006998063763603568, "train/head_wts/var_2": 0.0006998060271143913, "train/loss/total": 1.0489006042480469, "train/loss/policy": 0.3219704031944275, "train/loss/value": 0.7269302606582642, "train/reward/penalized": 0.8362046480178833, "train/reward/KL": -3.618762969970703, "train/reward/raw": -0.24942438304424286, "train/reward/verbosity": -0.7437499761581421, "train/reward/factuality": 0.5833333730697632, "train/reward/completeness": -0.08900772035121918, "eval_generation/step_5": {"_type": "table-file", "sha256": "d48b2e804449b8d7837aa57fe9dde4a8749447fea5492995fc0b94108ef82a92", "size": 147204, "artifact_path": "wandb-client-artifact://fgwi6k5yseg5i0xu1llvjkefywlwm122m9m12t462jxkbycjksv31u33rlytyi5q57f6kavl9lwu2s3b65cqljlppg3ye6s7py68tn3iwtkncd12cs4pzrz7t3b4yu6r:latest/eval_generation/step_5.table.json", "_latest_artifact_path": "wandb-client-artifact://fgwi6k5yseg5i0xu1llvjkefywlwm122m9m12t462jxkbycjksv31u33rlytyi5q57f6kavl9lwu2s3b65cqljlppg3ye6s7py68tn3iwtkncd12cs4pzrz7t3b4yu6r:latest/eval_generation/step_5.table.json", "path": "media/table/eval_generation/step_5_6_d48b2e804449b8d7837a.table.json", "ncols": 15, "nrows": 36}, "eval_generation/step_10": {"_type": "table-file", "sha256": "0c0e16701289f28ac8e2f4c2ea731be53231afc5852aee089352fa44159217f2", "size": 147976, "artifact_path": "wandb-client-artifact://7xlqwkbhp0jf48ld31ohjtftga2juuw1fndkni4mwwotzi9xlau8gj8njkzojfw47q96n3go297qn8hguzmyp50uljrgwlz77jea3piesmxirl5y5jzbyx6devzi4eo8:latest/eval_generation/step_10.table.json", "_latest_artifact_path": "wandb-client-artifact://7xlqwkbhp0jf48ld31ohjtftga2juuw1fndkni4mwwotzi9xlau8gj8njkzojfw47q96n3go297qn8hguzmyp50uljrgwlz77jea3piesmxirl5y5jzbyx6devzi4eo8:latest/eval_generation/step_10.table.json", "path": "media/table/eval_generation/step_10_12_0c0e16701289f28ac8e2.table.json", "ncols": 15, "nrows": 36}, "_wandb": {"runtime": 716}}