{"eval/step": 0, "eval_generation/step_0": {"_type": "table-file", "sha256": "aa1c41207494ac544b35a6b684c775807ae5efe8e2291f4e74a672fd29290376", "size": 134646, "artifact_path": "wandb-client-artifact://22d7512x1iroaljr782oollpxs4clc3r773j4oxry2kst03vjyjncws2vt5ezkb4h7e7hvltcvdj5x2wf4qb0qty7v5dyi57ph3mrcg9pthjrtaadwx0ultn8jpf2pc7:latest/eval_generation/step_0.table.json", "_latest_artifact_path": "wandb-client-artifact://22d7512x1iroaljr782oollpxs4clc3r773j4oxry2kst03vjyjncws2vt5ezkb4h7e7hvltcvdj5x2wf4qb0qty7v5dyi57ph3mrcg9pthjrtaadwx0ultn8jpf2pc7:latest/eval_generation/step_0.table.json", "path": "media/table/eval_generation/step_0_0_aa1c41207494ac544b35.table.json", "ncols": 15, "nrows": 36}, "eval/rouge": {"max": 39.33179918924967}, "eval/rewards": {"max": 0.36703964587020504}, "eval/verbosity_rew_given": {"max": 0.14999999999999997}, "eval/factuality_rew_given": {"max": 0.375}, "eval/completeness_rew_given": {"max": -0.15796035412979503}, "eval/relevance_ratios": {"max": 0.5555555580390824}, "eval/factuality_ratios": {"max": 0.6046511676422385}, "eval/completeness_rewards": {"max": -0.5265345058093468}, "eval/n_sub_sentences": {"max": 4.5}, "eval/n_sentences": {"max": 3.5833333333333335}, "eval/lengths": {"max": 85.66666666666667}, "eval/logprobs": {"max": -57166.731770833336}, "_timestamp": 1704990626.9132152, "_runtime": 179.20637822151184, "_step": 2, "train/step": 1, "train/lr": 5e-05, "train/lm_head_wts/kl_div_0_1": 0.00559907266870141, "train/lm_head_wts/kl_div_1_2": 0.00559907266870141, "train/lm_head_wts/kl_div_0_2": 0.00559907266870141, "train/lm_head_wts/var_0": 206.97938537597656, "train/lm_head_wts/var_1": 206.9793701171875, "train/lm_head_wts/var_2": 206.9793701171875, "train/lm_head_wts/delta_0": 0.01896427385509014, "train/lm_head_wts/delta_1": 0.020466549322009087, "train/lm_head_wts/delta_2": 0.024243878200650215, "train/loss/total": 0.957059383392334, "train/loss/policy": 0.2517436146736145, "train/loss/value": 0.7053159475326538, "train/reward/penalized": 0.7450234293937683, "train/reward/KL": -1.5814712047576904, "train/reward/raw": 0.27058207988739014, "train/reward/verbosity": -0.4749999940395355, "train/reward/factuality": 0.9375, "train/reward/completeness": -0.19191789627075195, "_wandb": {"runtime": 179}}