{"eval/step": 5, "eval_generation/step_0": {"_type": "table-file", "sha256": "aa1c41207494ac544b35a6b684c775807ae5efe8e2291f4e74a672fd29290376", "size": 134646, "artifact_path": "wandb-client-artifact://kdsi8a5q8j3nfscwz01z0rdt9bhzzm18bvtyg9kazcjvf30igxhwbozscrjas5jvrfgg5nsbgkvof8bb1v8kd108mvekqbb4im9x7t2uubjcsh7uqrdptfwmdu9b7x34:latest/eval_generation/step_0.table.json", "_latest_artifact_path": "wandb-client-artifact://kdsi8a5q8j3nfscwz01z0rdt9bhzzm18bvtyg9kazcjvf30igxhwbozscrjas5jvrfgg5nsbgkvof8bb1v8kd108mvekqbb4im9x7t2uubjcsh7uqrdptfwmdu9b7x34:latest/eval_generation/step_0.table.json", "path": "media/table/eval_generation/step_0_0_aa1c41207494ac544b35.table.json", "ncols": 15, "nrows": 36}, "eval/rouge": {"max": 39.33179918924967}, "eval/rewards": {"max": 0.36703964587020504}, "eval/verbosity_rew_given": {"max": 0.27499999999999997}, "eval/factuality_rew_given": {"max": 0.375}, "eval/completeness_rew_given": {"max": -0.15796035412979503}, "eval/relevance_ratios": {"max": 0.9230769230769231}, "eval/factuality_ratios": {"max": 0.6046511676422385}, "eval/completeness_rewards": {"max": -0.5265345058093468}, "eval/n_sub_sentences": {"max": 4.5}, "eval/n_sentences": {"max": 3.5833333333333335}, "eval/lengths": {"max": 114.08333333333333}, "eval/logprobs": {"max": -42958.688368055555}, "_timestamp": 1704984104.1004903, "_runtime": 416.12307238578796, "_step": 7, "train/step": 5, "train/lr": 0.0033, "train/lm_head_wts/kl_div_0_1": 0.005599073134362698, "train/lm_head_wts/kl_div_1_2": 0.00559907266870141, "train/lm_head_wts/kl_div_0_2": 0.00559907266870141, "train/lm_head_wts/var_0": 206.97933959960938, "train/lm_head_wts/var_1": 206.97930908203125, "train/lm_head_wts/var_2": 206.9792938232422, "train/lm_head_wts/delta_0": 1.7255090475082397, "train/lm_head_wts/delta_1": 2.292562246322632, "train/lm_head_wts/delta_2": 2.5248985290527344, "train/loss/total": 23.039600372314453, "train/loss/policy": 0.13947954773902893, "train/loss/value": 22.900121688842773, "train/reward/penalized": -39.38565444946289, "train/reward/KL": 129.66421508789062, "train/reward/raw": -0.48639020323753357, "train/reward/verbosity": -0.5500000715255737, "train/reward/factuality": 0.5625, "train/reward/completeness": -0.4988901615142822, "eval_generation/step_5": {"_type": "table-file", "sha256": "4d145d3f5e2f69271a860bd996a829b01c6f66e95676ced8fc3f5606ca0a99a5", "size": 127229, "artifact_path": "wandb-client-artifact://yyaaz9r2uu3x5f395iguji61ooue07uw0q0yz49tajhguc009cud9912wclh6ykk12qwcqv4wa0cwk8o01624tct6d1qi012ytsio364frjldhliwz940q3xso8w2cbt:latest/eval_generation/step_5.table.json", "_latest_artifact_path": "wandb-client-artifact://yyaaz9r2uu3x5f395iguji61ooue07uw0q0yz49tajhguc009cud9912wclh6ykk12qwcqv4wa0cwk8o01624tct6d1qi012ytsio364frjldhliwz940q3xso8w2cbt:latest/eval_generation/step_5.table.json", "path": "media/table/eval_generation/step_5_6_4d145d3f5e2f69271a86.table.json", "ncols": 15, "nrows": 36}, "_wandb": {"runtime": 415}}