{"eval/step": 5, "eval_generation/step_0": {"_type": "table-file", "sha256": "a9e564c76dccd4a48731ba4429a412625f29c58256a095176ed2acb45e7fd59d", "size": 147669, "artifact_path": "wandb-client-artifact://x7k86dcinnwl7a2xw1u158dn4jkoxeoyi2hu1zjwmxtewtv32fan8mjwqoug3in6fnyoad4fo219yh3uhg3rs4xmhzmd24z5tfny3rvz2tau6gnme223c5k356r44ay8:latest/eval_generation/step_0.table.json", "_latest_artifact_path": "wandb-client-artifact://x7k86dcinnwl7a2xw1u158dn4jkoxeoyi2hu1zjwmxtewtv32fan8mjwqoug3in6fnyoad4fo219yh3uhg3rs4xmhzmd24z5tfny3rvz2tau6gnme223c5k356r44ay8:latest/eval_generation/step_0.table.json", "path": "media/table/eval_generation/step_0_0_a9e564c76dccd4a48731.table.json", "ncols": 15, "nrows": 36}, "eval/rouge": {"max": 38.857866287231445}, "eval/rewards": {"max": 0.5949144106299527}, "eval/verbosity_rew_given": {"max": 0.3750000000000001}, "eval/factuality_rew_given": {"max": 0.25}, "eval/completeness_rew_given": {"max": -0.03008558937004728}, "eval/relevance_ratios": {"max": 0.6190476256703573}, "eval/factuality_ratios": {"max": 0.5714285778147834}, "eval/completeness_rewards": {"max": -0.10028528856734435}, "eval/n_sub_sentences": {"max": 5.25}, "eval/n_sentences": {"max": 3.5833333333333335}, "eval/lengths": {"max": 88.25}, "eval/logprobs": {"max": -55875.067626953125}, "_timestamp": 1706433012.2601116, "_runtime": 493.3056216239929, "_step": 10, "train/step": 8, "train/lr": 1e-05, "train/head_wts/var_0": 0.0006998135941103101, "train/head_wts/var_1": 0.0006998135941103101, "train/head_wts/var_2": 0.0006998135941103101, "train/loss/total": 0.7167845964431763, "train/loss/policy": 0.0837685689330101, "train/loss/value": 0.633016049861908, "train/reward/penalized": 0.015317226760089397, "train/reward/KL": -0.9231016039848328, "train/reward/raw": -0.26161327958106995, "train/reward/verbosity": -0.7687500715255737, "train/reward/factuality": 0.6145833730697632, "train/reward/completeness": -0.1074465811252594, "eval_generation/step_5": {"_type": "table-file", "sha256": "86aaf546c467d2c4191b70ddf6843ff05b8500540e40c1e6981664c942247326", "size": 147483, "artifact_path": "wandb-client-artifact://07y96xc0nfjepozyuex3iswiwtswfinukhdoyknjq292riqrvfxxf9yp6w2fn6ymmz3uiomvxlicuwag0odtpo3fdamqdmmv7dulc9sp2mwvv1zr7pu9la06ccokgsh3:latest/eval_generation/step_5.table.json", "_latest_artifact_path": "wandb-client-artifact://07y96xc0nfjepozyuex3iswiwtswfinukhdoyknjq292riqrvfxxf9yp6w2fn6ymmz3uiomvxlicuwag0odtpo3fdamqdmmv7dulc9sp2mwvv1zr7pu9la06ccokgsh3:latest/eval_generation/step_5.table.json", "path": "media/table/eval_generation/step_5_6_86aaf546c467d2c4191b.table.json", "ncols": 15, "nrows": 36}, "_wandb": {"runtime": 504}}