{"eval/step": 45, "eval_generation/step_0": {"_type": "table-file", "sha256": "aa1c41207494ac544b35a6b684c775807ae5efe8e2291f4e74a672fd29290376", "size": 134646, "artifact_path": "wandb-client-artifact://t5sb62ap39pmjxx9gan8bq5zwo1nlsxejkhfcgnol5r66okf17mt2bj1hpowt169gj4jyji1cb4unghkxxvjath3iamjk2wfi406kuir8sa17i8bqvhv8pzog8s6ffsl:latest/eval_generation/step_0.table.json", "_latest_artifact_path": "wandb-client-artifact://t5sb62ap39pmjxx9gan8bq5zwo1nlsxejkhfcgnol5r66okf17mt2bj1hpowt169gj4jyji1cb4unghkxxvjath3iamjk2wfi406kuir8sa17i8bqvhv8pzog8s6ffsl:latest/eval_generation/step_0.table.json", "path": "media/table/eval_generation/step_0_0_aa1c41207494ac544b35.table.json", "ncols": 15, "nrows": 36}, "eval/rouge": {"max": 40.176491260528564}, "eval/rewards": {"max": 0.7102921478476198}, "eval/verbosity_rew_given": {"max": 0.6499999999999999}, "eval/factuality_rew_given": {"max": 0.375}, "eval/completeness_rew_given": {"max": -0.09381883793671048}, "eval/relevance_ratios": {"max": 0.709677423440641}, "eval/factuality_ratios": {"max": 0.6046511676422385}, "eval/completeness_rewards": {"max": -0.3127294552202026}, "eval/n_sub_sentences": {"max": 5.416666666666667}, "eval/n_sentences": {"max": 4.0}, "eval/lengths": {"max": 93.25}, "eval/logprobs": {"max": -53375.0634765625}, "_timestamp": 1704990276.0601377, "_runtime": 2677.19175863266, "_step": 59, "train/step": 49, "train/lr": 5e-05, "train/lm_head_wts/kl_div_0_1": 0.00559907266870141, "train/lm_head_wts/kl_div_1_2": 0.00559907266870141, "train/lm_head_wts/kl_div_0_2": 0.00559907266870141, "train/lm_head_wts/var_0": 206.97938537597656, "train/lm_head_wts/var_1": 206.97935485839844, "train/lm_head_wts/var_2": 206.97935485839844, "train/lm_head_wts/delta_0": 0.06994287669658661, "train/lm_head_wts/delta_1": 0.132751002907753, "train/lm_head_wts/delta_2": 0.1519664227962494, "train/loss/total": 0.9397578239440918, "train/loss/policy": 0.14084339141845703, "train/loss/value": 0.7989145517349243, "train/reward/penalized": 1.7457046508789062, "train/reward/KL": -3.6886115074157715, "train/reward/raw": 0.6391212940216064, "train/reward/verbosity": -0.08750002831220627, "train/reward/factuality": 0.6875, "train/reward/completeness": 0.03912128508090973, "eval_generation/step_5": {"_type": "table-file", "sha256": "91f3582d16a61a85def3fa6f92cb3575b8e9426d51220534293fdf1fcdda7ebb", "size": 134889, "artifact_path": "wandb-client-artifact://2n746csu5y8638v1wdpfm82ra5bf8sn08ejttphd3nmggxj693yb9m6f076q8x39htl9q9x4oz3y9vnvwpmry1hgrva8t65plheoqynkkt4qle0ln09uxmwmwg17c72l:latest/eval_generation/step_5.table.json", "_latest_artifact_path": "wandb-client-artifact://2n746csu5y8638v1wdpfm82ra5bf8sn08ejttphd3nmggxj693yb9m6f076q8x39htl9q9x4oz3y9vnvwpmry1hgrva8t65plheoqynkkt4qle0ln09uxmwmwg17c72l:latest/eval_generation/step_5.table.json", "path": "media/table/eval_generation/step_5_6_91f3582d16a61a85def3.table.json", "ncols": 15, "nrows": 36}, "eval_generation/step_10": {"_type": "table-file", "sha256": "4866fffd80cdeb9bdc28031a2be39b74fd4b9c877a1b4a053457165842111bdc", "size": 135909, "artifact_path": "wandb-client-artifact://o5oaioa5wkloxqs9fyn5rqzwl5cqovz0ue8yf2pwbz3jtolui1zj6xx49rjvxy0u5skkt780rx97926fq0xd0y4forp3srh20b60kqoyz37akb2jcci4ssalchxnswen:latest/eval_generation/step_10.table.json", "_latest_artifact_path": "wandb-client-artifact://o5oaioa5wkloxqs9fyn5rqzwl5cqovz0ue8yf2pwbz3jtolui1zj6xx49rjvxy0u5skkt780rx97926fq0xd0y4forp3srh20b60kqoyz37akb2jcci4ssalchxnswen:latest/eval_generation/step_10.table.json", "path": "media/table/eval_generation/step_10_12_4866fffd80cdeb9bdc28.table.json", "ncols": 15, "nrows": 36}, "eval_generation/step_15": {"_type": "table-file", "sha256": "66e6b9bbdb43044ead19576622a5ac7ddc9512a5eb5ccd5c4b9f320730278122", "size": 135135, "artifact_path": "wandb-client-artifact://64y81o9zigd7zvf4rnl2qdakcxmdg3mxsa1y2t78pwxdk3obuitd64v95esgj2bkaa625goudxnx6nm00j3cp1kcw1std1ew2ue56qbz2r98evkhfeldrkv7n1bptp9q:latest/eval_generation/step_15.table.json", "_latest_artifact_path": "wandb-client-artifact://64y81o9zigd7zvf4rnl2qdakcxmdg3mxsa1y2t78pwxdk3obuitd64v95esgj2bkaa625goudxnx6nm00j3cp1kcw1std1ew2ue56qbz2r98evkhfeldrkv7n1bptp9q:latest/eval_generation/step_15.table.json", "path": "media/table/eval_generation/step_15_18_66e6b9bbdb43044ead19.table.json", "ncols": 15, "nrows": 36}, "eval_generation/step_20": {"_type": "table-file", "sha256": "1de7eb136a37a1eba417f36514f04cb2d3b25fd332afdc007c043be57fe49689", "size": 135495, "artifact_path": "wandb-client-artifact://7149f111occ7d5mfdmr4hkx8phrg4tcj2b77leija6felcrs9rvpp4lfbm59kb9d8nzytulsz4hhm21d96o35m5ghvarjf7gkadc9b6s4twkxzh77y42gh1ynr6koeml:latest/eval_generation/step_20.table.json", "_latest_artifact_path": "wandb-client-artifact://7149f111occ7d5mfdmr4hkx8phrg4tcj2b77leija6felcrs9rvpp4lfbm59kb9d8nzytulsz4hhm21d96o35m5ghvarjf7gkadc9b6s4twkxzh77y42gh1ynr6koeml:latest/eval_generation/step_20.table.json", "path": "media/table/eval_generation/step_20_24_1de7eb136a37a1eba417.table.json", "ncols": 15, "nrows": 36}, "eval_generation/step_25": {"_type": "table-file", "sha256": "ff7da78c109b65f31f71758fb31f47d7b6f877087238147ea236eb61ba5f350a", "size": 135534, "artifact_path": "wandb-client-artifact://yg5fuw7yhfepokdrav0cxlj2v9jauv74gufhe4g224wrh98jl9d39ig5lj4jfve15ux3a6pn0viamph8thdynlk8mou83iq3t6h9ngj62me7ksmb5tsizlwq7b3of1z5:latest/eval_generation/step_25.table.json", "_latest_artifact_path": "wandb-client-artifact://yg5fuw7yhfepokdrav0cxlj2v9jauv74gufhe4g224wrh98jl9d39ig5lj4jfve15ux3a6pn0viamph8thdynlk8mou83iq3t6h9ngj62me7ksmb5tsizlwq7b3of1z5:latest/eval_generation/step_25.table.json", "path": "media/table/eval_generation/step_25_30_ff7da78c109b65f31f71.table.json", "ncols": 15, "nrows": 36}, "eval_generation/step_30": {"_type": "table-file", "sha256": "2e2d4a9c3fee959f1d2240b91c9ff44722e318219e3671f9e27a183166b53aa6", "size": 135447, "artifact_path": "wandb-client-artifact://6czccq3a7szqsh53m3n078t90ch9g4e0skedimmrrn2qo43n6pv8mgya2rybha04nrxs5hlebci9aq5am9llclyzz8v0tph9j78hw4jpyi88bjky488gvhice4ipesx4:latest/eval_generation/step_30.table.json", "_latest_artifact_path": "wandb-client-artifact://6czccq3a7szqsh53m3n078t90ch9g4e0skedimmrrn2qo43n6pv8mgya2rybha04nrxs5hlebci9aq5am9llclyzz8v0tph9j78hw4jpyi88bjky488gvhice4ipesx4:latest/eval_generation/step_30.table.json", "path": "media/table/eval_generation/step_30_36_2e2d4a9c3fee959f1d22.table.json", "ncols": 15, "nrows": 36}, "eval_generation/step_35": {"_type": "table-file", "sha256": "128b8b157c4080322f40ce238d1734a59da5840f16e1dde85e786c196deaa6d0", "size": 136041, "artifact_path": "wandb-client-artifact://0shz976drzu7gx5z1xcjx2hxhnuvx5w7nd7yglvicprdg7gfug8je58urru9momc0l1rxh6w7norelrybw0epkz1k0fsuasfyy3pj1xiqqrer3mzv393x4l6efihg88w:latest/eval_generation/step_35.table.json", "_latest_artifact_path": "wandb-client-artifact://0shz976drzu7gx5z1xcjx2hxhnuvx5w7nd7yglvicprdg7gfug8je58urru9momc0l1rxh6w7norelrybw0epkz1k0fsuasfyy3pj1xiqqrer3mzv393x4l6efihg88w:latest/eval_generation/step_35.table.json", "path": "media/table/eval_generation/step_35_42_128b8b157c4080322f40.table.json", "ncols": 15, "nrows": 36}, "eval_generation/step_40": {"_type": "table-file", "sha256": "301c2db1e44262a5ea861435dba503c01f7d7591369c95e6359ad2aa89a18c20", "size": 135978, "artifact_path": "wandb-client-artifact://ag9fsk3zrlr98aatw3s8ely6b5i7mtwwqwywze6ttihze4ono6xq6lqia9tlgxr7driglmav8wsms91t51g7m08soqpfrng7kds5zij7s3iepruganrb07x3fofbd3ky:latest/eval_generation/step_40.table.json", "_latest_artifact_path": "wandb-client-artifact://ag9fsk3zrlr98aatw3s8ely6b5i7mtwwqwywze6ttihze4ono6xq6lqia9tlgxr7driglmav8wsms91t51g7m08soqpfrng7kds5zij7s3iepruganrb07x3fofbd3ky:latest/eval_generation/step_40.table.json", "path": "media/table/eval_generation/step_40_48_301c2db1e44262a5ea86.table.json", "ncols": 15, "nrows": 36}, "eval_generation/step_45": {"_type": "table-file", "sha256": "b68ad1ff2a11c70d13faa5e6579c1615d6f4ef4586967a689f421b68fd6914c7", "size": 136041,