{"eval/step": 45, "eval_generation/step_0": {"_type": "table-file", "sha256": "aa1c41207494ac544b35a6b684c775807ae5efe8e2291f4e74a672fd29290376", "size": 134646, "artifact_path": "wandb-client-artifact://iduhfhhzsio3yjhchv0kc6nv2oiechyi88h368f6oue2cw552muv2wj4rl2t8y5vfamw3zrk0940xjrkon7hytcc01w1tntcqdhpfg1nk778ufdwca8ru61lyek8n0u6:latest/eval_generation/step_0.table.json", "_latest_artifact_path": "wandb-client-artifact://iduhfhhzsio3yjhchv0kc6nv2oiechyi88h368f6oue2cw552muv2wj4rl2t8y5vfamw3zrk0940xjrkon7hytcc01w1tntcqdhpfg1nk778ufdwca8ru61lyek8n0u6:latest/eval_generation/step_0.table.json", "path": "media/table/eval_generation/step_0_0_aa1c41207494ac544b35.table.json", "ncols": 15, "nrows": 36}, "eval/rouge": {"max": 39.48115762074789}, "eval/rewards": {"max": 0.36703964587020504}, "eval/verbosity_rew_given": {"max": 0.17499999999999996}, "eval/factuality_rew_given": {"max": 0.375}, "eval/completeness_rew_given": {"max": -0.13072810119049036}, "eval/relevance_ratios": {"max": 0.5660377395040584}, "eval/factuality_ratios": {"max": 0.6046511676422385}, "eval/completeness_rewards": {"max": -0.4357603347549836}, "eval/n_sub_sentences": {"max": 4.5}, "eval/n_sentences": {"max": 3.5833333333333335}, "eval/lengths": {"max": 89.08333333333333}, "eval/logprobs": {"max": -55458.400065104164}, "_timestamp": 1704986738.202011, "_runtime": 2536.9990181922913, "_step": 59, "train/step": 49, "train/lr": 3.3e-06, "train/lm_head_wts/kl_div_0_1": 0.00559907266870141, "train/lm_head_wts/kl_div_1_2": 0.00559907266870141, "train/lm_head_wts/kl_div_0_2": 0.00559907266870141, "train/lm_head_wts/var_0": 206.97938537597656, "train/lm_head_wts/var_1": 206.97938537597656, "train/lm_head_wts/var_2": 206.97938537597656, "train/lm_head_wts/delta_0": 0.007230757735669613, "train/lm_head_wts/delta_1": 0.009832070209085941, "train/lm_head_wts/delta_2": 0.014531980268657207, "train/loss/total": 0.7323262095451355, "train/loss/policy": 0.09268388152122498, "train/loss/value": 0.6396423578262329, "train/reward/penalized": 0.5611300468444824, "train/reward/KL": -0.27493906021118164, "train/reward/raw": 0.4786483645439148, "train/reward/verbosity": -0.32500001788139343, "train/reward/factuality": 0.7291666865348816, "train/reward/completeness": 0.07448171079158783, "eval_generation/step_5": {"_type": "table-file", "sha256": "1eae8000459c1123c2bf5730f403925bd2b731e855de4e07a2ddeb29e0ac63ed", "size": 134640, "artifact_path": "wandb-client-artifact://33ickgidgx88trevfiub8wty45fz60wxpsy0eomal12vhqkvoereuojc6qbyy9yaxn62bn1nqq2z4iw46lioosrmfvr163kizvt8rc144s4jjjznyczas37pc2vlgljn:latest/eval_generation/step_5.table.json", "_latest_artifact_path": "wandb-client-artifact://33ickgidgx88trevfiub8wty45fz60wxpsy0eomal12vhqkvoereuojc6qbyy9yaxn62bn1nqq2z4iw46lioosrmfvr163kizvt8rc144s4jjjznyczas37pc2vlgljn:latest/eval_generation/step_5.table.json", "path": "media/table/eval_generation/step_5_6_1eae8000459c1123c2bf.table.json", "ncols": 15, "nrows": 36}, "eval_generation/step_10": {"_type": "table-file", "sha256": "083026d8fae8ee0ca7dd79d80e537060897d1700c80b39eb13c4fca9b5d0a186", "size": 134676, "artifact_path": "wandb-client-artifact://misr9f829q5uc6vujs0gegowpf8pfj23683iogma71wh61cbgo249hld2ln0owjhf4hms0dnz48m7y794f1schfg6i634d74mtqgyjkon0n4ny0kzpe61fu1b1drinvz:latest/eval_generation/step_10.table.json", "_latest_artifact_path": "wandb-client-artifact://misr9f829q5uc6vujs0gegowpf8pfj23683iogma71wh61cbgo249hld2ln0owjhf4hms0dnz48m7y794f1schfg6i634d74mtqgyjkon0n4ny0kzpe61fu1b1drinvz:latest/eval_generation/step_10.table.json", "path": "media/table/eval_generation/step_10_12_083026d8fae8ee0ca7dd.table.json", "ncols": 15, "nrows": 36}, "eval_generation/step_15": {"_type": "table-file", "sha256": "ca61af976b9fed4e841e01186cc56dacab243f4955d61499182a4d3d5526a42e", "size": 134673, "artifact_path": "wandb-client-artifact://gxf28e529xc37asa7wu6tnkvbusfodhiq3rfo1z1k7h8mmxaqwq8yk3vi7zrafs1xvk37gqfd2zc5npvtcsrer9cl4ewgjtlhzhkmp8woijj6djhe78rhiha6zfy4sab:latest/eval_generation/step_15.table.json", "_latest_artifact_path": "wandb-client-artifact://gxf28e529xc37asa7wu6tnkvbusfodhiq3rfo1z1k7h8mmxaqwq8yk3vi7zrafs1xvk37gqfd2zc5npvtcsrer9cl4ewgjtlhzhkmp8woijj6djhe78rhiha6zfy4sab:latest/eval_generation/step_15.table.json", "path": "media/table/eval_generation/step_15_18_ca61af976b9fed4e841e.table.json", "ncols": 15, "nrows": 36}, "eval_generation/step_20": {"_type": "table-file", "sha256": "a8b0c9cf5939207a01a66d9e8b610b5601d3539df320b1f1947c65eca87b22f4", "size": 135096, "artifact_path": "wandb-client-artifact://kbgylj3ncn9azqsp2s2kqq3f1swbesc6h0mvxmh0y3byo6tz8hyqadgi11hj94bpqyu037zjn15z3ra0f9ca4ip9cfdzq4jr5nbfuq9qfqsvpnb8hueskjtu38ha06pw:latest/eval_generation/step_20.table.json", "_latest_artifact_path": "wandb-client-artifact://kbgylj3ncn9azqsp2s2kqq3f1swbesc6h0mvxmh0y3byo6tz8hyqadgi11hj94bpqyu037zjn15z3ra0f9ca4ip9cfdzq4jr5nbfuq9qfqsvpnb8hueskjtu38ha06pw:latest/eval_generation/step_20.table.json", "path": "media/table/eval_generation/step_20_24_a8b0c9cf5939207a01a6.table.json", "ncols": 15, "nrows": 36}, "eval_generation/step_25": {"_type": "table-file", "sha256": "d105225b7bee90432678cbb91678fffdd19242604af342f5fdfad75a4875ca0b", "size": 135015, "artifact_path": "wandb-client-artifact://k1i0nnhjjvayvaw2unadrb61dcfnz1j98yuwvgjlfpv70czkfw7rp9o87pj4bdtbavh251c72cr2hmi28hu54ok8d6a64qutlwzfja2rmabsr84myu0m3yfioleu94dz:latest/eval_generation/step_25.table.json", "_latest_artifact_path": "wandb-client-artifact://k1i0nnhjjvayvaw2unadrb61dcfnz1j98yuwvgjlfpv70czkfw7rp9o87pj4bdtbavh251c72cr2hmi28hu54ok8d6a64qutlwzfja2rmabsr84myu0m3yfioleu94dz:latest/eval_generation/step_25.table.json", "path": "media/table/eval_generation/step_25_30_d105225b7bee90432678.table.json", "ncols": 15, "nrows": 36}, "eval_generation/step_30": {"_type": "table-file", "sha256": "6778dc3dcf43e3a209e67d3ef9657bbc82d0c85f209ba0c0a30c0c4aac650b26", "size": 135081, "artifact_path": "wandb-client-artifact://hos1w9s88cbjfe3mvux4mlm91h4c2grz0cvkewnd7briea5swe3la8tjik8sr3pz3kud75xpwweuceyiqb4a2f8jyr9j0cuhcgp46kk6waw8qm0kxmkvq0b4s75jbrvu:latest/eval_generation/step_30.table.json", "_latest_artifact_path": "wandb-client-artifact://hos1w9s88cbjfe3mvux4mlm91h4c2grz0cvkewnd7briea5swe3la8tjik8sr3pz3kud75xpwweuceyiqb4a2f8jyr9j0cuhcgp46kk6waw8qm0kxmkvq0b4s75jbrvu:latest/eval_generation/step_30.table.json", "path": "media/table/eval_generation/step_30_36_6778dc3dcf43e3a209e6.table.json", "ncols": 15, "nrows": 36}, "eval_generation/step_35": {"_type": "table-file", "sha256": "c50c559e14426447c627214653ceede3d64c3f13571e4c9c8f172b41b23fd8e4", "size": 135387, "artifact_path": "wandb-client-artifact://xt8z9okxyz6oyhxvwfqu5a9kuyw372pbby84u3qahkdjgoyvioyp49a2cm3j37044phaxz2pvtienq2lp25i5rz3q8l2ybmewtorwy5qva9nodkp2g9dwqhkidtqrpih:latest/eval_generation/step_35.table.json", "_latest_artifact_path": "wandb-client-artifact://xt8z9okxyz6oyhxvwfqu5a9kuyw372pbby84u3qahkdjgoyvioyp49a2cm3j37044phaxz2pvtienq2lp25i5rz3q8l2ybmewtorwy5qva9nodkp2g9dwqhkidtqrpih:latest/eval_generation/step_35.table.json", "path": "media/table/eval_generation/step_35_42_c50c559e14426447c627.table.json", "ncols": 15, "nrows": 36}, "eval_generation/step_40": {"_type": "table-file", "sha256": "e973112d7257dc7af79c7355634e558b1d60feb7a831b118375adff55fb06b33", "size": 135081, "artifact_path": "wandb-client-artifact://aj3rgmoyydg4vognef0ealr4llpo3nhwzu4cydbji5gbq9ox4q6xxwffvll6us5ftu6pcfatykdq93guaairv7urcs6t4d2l9q6tray4gg12lzfys7dxn42oppsmsphs:latest/eval_generation/step_40.table.json", "_latest_artifact_path": "wandb-client-artifact://aj3rgmoyydg4vognef0ealr4llpo3nhwzu4cydbji5gbq9ox4q6xxwffvll6us5ftu6pcfatykdq93guaairv7urcs6t4d2l9q6tray4gg12lzfys7dxn42oppsmsphs:latest/eval_generation/step_40.table.json", "path": "media/table/eval_generation/step_40_48_e973112d7257dc7af79c.table.json", "ncols": 15, "nrows": 36}, "eval_generation/step_45": {"_type": "table-file", "sha256": "c09e488b4bcd22d034f5463eebdaa59f9ffa845a47e2e4a6baef26ed795b5984", "size": 135027,