{"eval/step": 150, "eval_generation/step_0": {"_type": "table-file", "sha256": "0ac8f925b518d2203eb777595f4cfb2cad9e7632b7cff8cc168877839347f49a", "size": 746703, "artifact_path": "wandb-client-artifact://k3uhel4hkr3uvmwowe8v3bzwotqdylaqrf2k5godtogqmaj27fg29xmr4kyvjej59u6l79nameq49d35lh3p14wnq8h8uj8d0df3dnj723g9nmr9x06e2zqbi0m95oyj:latest/eval_generation/step_0.table.json", "_latest_artifact_path": "wandb-client-artifact://k3uhel4hkr3uvmwowe8v3bzwotqdylaqrf2k5godtogqmaj27fg29xmr4kyvjej59u6l79nameq49d35lh3p14wnq8h8uj8d0df3dnj723g9nmr9x06e2zqbi0m95oyj:latest/eval_generation/step_0.table.json", "path": "media/table/eval_generation/step_0_0_0ac8f925b518d2203eb7.table.json", "ncols": 15, "nrows": 306}, "eval/rouge": {"max": 40.24304470361448}, "eval/rewards": {"max": 0.27144162097502045}, "eval/verbosity_rew_given": {"max": 0.014705882352941173}, "eval/factuality_rew_given": {"max": 0.28431372549019607}, "eval/completeness_rew_given": {"max": -0.003137418665233336}, "eval/relevance_ratios": {"max": 0.5142487112114235}, "eval/factuality_ratios": {"max": 0.7729211117603632}, "eval/completeness_rewards": {"max": -0.052007689714824376}, "eval/n_sub_sentences": {"max": 5.11437908496732}, "eval/n_sentences": {"max": 3.1470588235294117}, "eval/lengths": {"max": 90.86928104575163}, "eval/logprobs": {"max": -39420.53922201911}, "_timestamp": 1718795762.8535423, "_runtime": 10898.451710224152, "_step": 176, "train/step": 172, "train/lr": 4.9631313131313135e-05, "train/head_wts/var_0": 0.0007017382304184139, "train/head_wts/var_1": 0.0007008442771621048, "train/head_wts/var_2": 0.000703976140357554, "train/head_wts/delta_0": -0.8061718940734863, "train/head_wts/delta_1": 1.3187414407730103, "train/head_wts/delta_2": -1.8966474533081055, "train/loss/total": 15.256719589233398, "train/loss/policy": 7.849277019500732, "train/loss/value": 7.40744161605835, "train/reward/penalized": -12.568466186523438, "train/reward/KL": 40.92606735229492, "train/reward/raw": -0.290647029876709, "train/reward/verbosity": -0.45000001788139343, "train/reward/factuality": 0.1875, "train/reward/completeness": -0.028147023171186447, "eval_generation/step_50": {"_type": "table-file", "sha256": "39475625b154ad7eaf405a148406c54d5ec652edd142c9d199298fe36e7e4574", "size": 748674, "artifact_path": "wandb-client-artifact://mpu7ir47brzun9zkwjafnirryhvw8enzpl0eomliilldq64k6z4dqichg99uaw1613xp60dfaxlmtyldkolr5t4vqjknc9vcw8ancba7dysc067cs0ts0erx2zcpnbhu:latest/eval_generation/step_50.table.json", "_latest_artifact_path": "wandb-client-artifact://mpu7ir47brzun9zkwjafnirryhvw8enzpl0eomliilldq64k6z4dqichg99uaw1613xp60dfaxlmtyldkolr5t4vqjknc9vcw8ancba7dysc067cs0ts0erx2zcpnbhu:latest/eval_generation/step_50.table.json", "path": "media/table/eval_generation/step_50_51_39475625b154ad7eaf40.table.json", "ncols": 15, "nrows": 306}, "eval_generation/step_100": {"_type": "table-file", "sha256": "3726208863337148f7ce005941f82ef4c2da7ddc234610ce3124566b8c866895", "size": 752499, "artifact_path": "wandb-client-artifact://rdejcik1obihuzivwcp17f3zngrday47aiut7faxg5cytk92oicpxhrs308fuhvh4ogee29d4hrihw6q105bh4h6m3x1f4sg6szc9rrq3xwlnjx4310ju3bqvgrje345:latest/eval_generation/step_100.table.json", "_latest_artifact_path": "wandb-client-artifact://rdejcik1obihuzivwcp17f3zngrday47aiut7faxg5cytk92oicpxhrs308fuhvh4ogee29d4hrihw6q105bh4h6m3x1f4sg6szc9rrq3xwlnjx4310ju3bqvgrje345:latest/eval_generation/step_100.table.json", "path": "media/table/eval_generation/step_100_102_3726208863337148f7ce.table.json", "ncols": 15, "nrows": 306}, "eval_generation/step_150": {"_type": "table-file", "sha256": "533de1e6dcced73ff9eb092699fee2c37fe21333903d224e7a193ae8a8532b93", "size": 755465, "artifact_path": "wandb-client-artifact://b9rajrzg55eopn72nbyija7x8jzc09w4fi798a2d2axealha9dl7upa24b1n5juqnax6mpme9028rnjy3x5ru5vox9p6u7o3vx8zlyux2huojuliqgd6i32htnho8696:latest/eval_generation/step_150.table.json", "_latest_artifact_path": "wandb-client-artifact://b9rajrzg55eopn72nbyija7x8jzc09w4fi798a2d2axealha9dl7upa24b1n5juqnax6mpme9028rnjy3x5ru5vox9p6u7o3vx8zlyux2huojuliqgd6i32htnho8696:latest/eval_generation/step_150.table.json", "path": "media/table/eval_generation/step_150_153_533de1e6dcced73ff9eb.table.json", "ncols": 15, "nrows": 306}, "_wandb": {"runtime": 10898}}