{"eval/step": 100, "eval_generation/step_0": {"_type": "table-file", "sha256": "df661fa21accd89efa54139e11bab4d336fbaf13c493f48212d1baecff1d8dbd", "size": 296096, "artifact_path": "wandb-client-artifact://6z9814f7o7ecpcccawnkwtossayr3u0gu2i3ekabrkbx0dtm6bidbd7uz0uq9msjo5rt3480j4kdau4xsg3asonrvyiqxeqgo30kdfvbxvqh5tc70wuvmt3pxhr0jiz0:latest/eval_generation/step_0.table.json", "_latest_artifact_path": "wandb-client-artifact://6z9814f7o7ecpcccawnkwtossayr3u0gu2i3ekabrkbx0dtm6bidbd7uz0uq9msjo5rt3480j4kdau4xsg3asonrvyiqxeqgo30kdfvbxvqh5tc70wuvmt3pxhr0jiz0:latest/eval_generation/step_0.table.json", "path": "media/table/eval_generation/step_0_0_df661fa21accd89efa54.table.json", "ncols": 15, "nrows": 756}, "eval/rouge": {"max": 22.531380146268813}, "eval/rewards": {"max": -0.01928895686211696}, "eval/verbosity_rew_given": {"max": 0.08928571428571429}, "eval/factuality_rew_given": {"max": 0.016534391534391533}, "eval/completeness_rew_given": {"max": -0.12272811030127041}, "eval/relevance_ratios": {"max": 0.8673245614852038}, "eval/factuality_ratios": {"max": 0.5407673860911271}, "eval/completeness_rewards": {"max": -1.2242499370295457}, "eval/n_sub_sentences": {"max": 1.2354497354497354}, "eval/n_sentences": {"max": 1.1031746031746033}, "eval/lengths": {"max": 21.333333333333332}, "eval/logprobs": {"max": -78666.72955935847}, "_timestamp": 1718776561.1451466, "_runtime": 3458.8670556545258, "_step": 110, "train/step": 107, "train/lr": 5e-05, "train/head_wts/var_0": 0.0007001703488640487, "train/head_wts/var_1": 0.000699962954968214, "train/head_wts/var_2": 0.0007000608020462096, "train/head_wts/delta_0": -0.5165339708328247, "train/head_wts/delta_1": -1.0939128398895264, "train/head_wts/delta_2": -0.1842648983001709, "train/loss/total": 27.777687072753906, "train/loss/policy": 9.082250595092773, "train/loss/value": 18.695436477661133, "train/reward/penalized": 13.984657287597656, "train/reward/KL": -46.68731689453125, "train/reward/raw": -0.02153860591351986, "train/reward/verbosity": -0.08750000596046448, "train/reward/factuality": 0.111111119389534, "train/reward/completeness": -0.04514971375465393, "eval_generation/step_50": {"_type": "table-file", "sha256": "5407bd36ed8fd1c351fc2c926cb74b4a3aeddc0d9d1b30a266a5cafeb1191bd9", "size": 297137, "artifact_path": "wandb-client-artifact://11k3vvc6a9lwn3oobqzhlmnfywhc5ltrxiqk6cjengmp6xbu2a7wurqqyr25vdsd11kc94fbmjq4ukyrlu8l97s0fdlklvq365yvu20ryj70rsa2irh3cjco6xxabio3:latest/eval_generation/step_50.table.json", "_latest_artifact_path": "wandb-client-artifact://11k3vvc6a9lwn3oobqzhlmnfywhc5ltrxiqk6cjengmp6xbu2a7wurqqyr25vdsd11kc94fbmjq4ukyrlu8l97s0fdlklvq365yvu20ryj70rsa2irh3cjco6xxabio3:latest/eval_generation/step_50.table.json", "path": "media/table/eval_generation/step_50_51_5407bd36ed8fd1c351fc.table.json", "ncols": 15, "nrows": 756}, "eval_generation/step_100": {"_type": "table-file", "sha256": "193ac4bc6135d978e8bd5ba05d4c5051fda08ed56998c676c1b315027669227d", "size": 299361, "artifact_path": "wandb-client-artifact://4b8kzm7rabbv19rgqx17e5vpdj736j7bsc3qchlbpovl2kqsbsw26goo8jtk39zpwkae83kjfcef652bw9m4msq23zzxhrdrpqa74rylsd5ne9dhd6kkejkq9dvnif81:latest/eval_generation/step_100.table.json", "_latest_artifact_path": "wandb-client-artifact://4b8kzm7rabbv19rgqx17e5vpdj736j7bsc3qchlbpovl2kqsbsw26goo8jtk39zpwkae83kjfcef652bw9m4msq23zzxhrdrpqa74rylsd5ne9dhd6kkejkq9dvnif81:latest/eval_generation/step_100.table.json", "path": "media/table/eval_generation/step_100_102_193ac4bc6135d978e8bd.table.json", "ncols": 15, "nrows": 756}, "_wandb": {"runtime": 3472}}