{"eval/step": 0, "eval_generation/step_0": {"_type": "table-file", "sha256": "58e401400f716c3f120dcd97141f0977ab09afaf3b608e3e35f5886168e472c3", "size": 2599432, "artifact_path": "wandb-client-artifact://1wtwwl3j8zfwxx392wtmffemqb1x8fe09oujgtw9ty7tboua60r6ms3q2642dhc35hpslbdkarrn66renjpgxdlzp4inri7d84kwt04ew6h4yzk315h1jhmkd5elt20p:latest/eval_generation/step_0.table.json", "_latest_artifact_path": "wandb-client-artifact://1wtwwl3j8zfwxx392wtmffemqb1x8fe09oujgtw9ty7tboua60r6ms3q2642dhc35hpslbdkarrn66renjpgxdlzp4inri7d84kwt04ew6h4yzk315h1jhmkd5elt20p:latest/eval_generation/step_0.table.json", "path": "media/table/eval_generation/step_0_0_58e401400f716c3f120d.table.json", "ncols": 15, "nrows": 756}, "eval/rouge": {"max": 43.46628063822549}, "eval/rewards": {"max": 0.2863427385572884}, "eval/verbosity_rew_given": {"max": 0.0019841269841269866}, "eval/factuality_rew_given": {"max": 0.2771164021164021}, "eval/completeness_rew_given": {"max": 0.00724220945675934}, "eval/relevance_ratios": {"max": 0.50182349210908}, "eval/factuality_ratios": {"max": 0.7502986896458208}, "eval/completeness_rewards": {"max": 0.0724220952455191}, "eval/n_sub_sentences": {"max": 5.440476190476191}, "eval/n_sentences": {"max": 3.3214285714285716}, "eval/lengths": {"max": 96.61904761904762}, "eval/logprobs": {"max": -51690.528703578675}, "_timestamp": 1718781298.0314846, "_runtime": 1186.565884590149, "_step": 0, "_wandb": {"runtime": 1234}}