{"eval/step": 45, "eval_generation/step_0": {"_type": "table-file", "sha256": "a9e564c76dccd4a48731ba4429a412625f29c58256a095176ed2acb45e7fd59d", "size": 147669, "artifact_path": "wandb-client-artifact://jr912p31jke174ow7n2cfoh71h571f3tk5nmob9jqdcp7son6ubrwbpaawej3cx4aa74gqh80phg17pjuhpilovd89t9yn45nx24wksltykqi9utzg7sfj8v0s81vsf6:latest/eval_generation/step_0.table.json", "_latest_artifact_path": "wandb-client-artifact://jr912p31jke174ow7n2cfoh71h571f3tk5nmob9jqdcp7son6ubrwbpaawej3cx4aa74gqh80phg17pjuhpilovd89t9yn45nx24wksltykqi9utzg7sfj8v0s81vsf6:latest/eval_generation/step_0.table.json", "path": "media/table/eval_generation/step_0_0_a9e564c76dccd4a48731.table.json", "ncols": 15, "nrows": 36}, "eval/rouge": {"max": 39.42737547556559}, "eval/rewards": {"max": 1.1230592043564362}, "eval/verbosity_rew_given": {"max": 0.5}, "eval/factuality_rew_given": {"max": 0.6805555555555556}, "eval/completeness_rew_given": {"max": -0.009996617786678767}, "eval/relevance_ratios": {"max": 0.6562500037252903}, "eval/factuality_ratios": {"max": 0.6960000040531158}, "eval/completeness_rewards": {"max": -0.03332205140031874}, "eval/n_sub_sentences": {"max": 5.611111111111111}, "eval/n_sentences": {"max": 3.5833333333333335}, "eval/lengths": {"max": 92.83333333333333}, "eval/logprobs": {"max": -53583.408311631945}, "_timestamp": 1706454043.253825, "_runtime": 2795.199821949005, "_step": 59, "train/step": 49, "train/lr": 5e-05, "train/head_wts/var_0": 0.0006998818134889007, "train/head_wts/var_1": 0.000699862081091851, "train/head_wts/var_2": 0.000699856027495116, "train/head_wts/delta_0": -0.24262821674346924, "train/head_wts/delta_1": 0.16490954160690308, "train/head_wts/delta_2": -0.010609105229377747, "train/loss/total": 3.1525797843933105, "train/loss/policy": 1.0332601070404053, "train/loss/value": 2.1193199157714844, "train/reward/penalized": 6.1102213859558105, "train/reward/KL": -24.97353744506836, "train/reward/raw": -1.381840467453003, "train/reward/verbosity": -1.618749976158142, "train/reward/factuality": 0.3020833432674408, "train/reward/completeness": -0.06517373770475388, "eval_generation/step_5": {"_type": "table-file", "sha256": "6d8e5925354fcd2c77fbca72f26b00ad2735bc0dfe5ff9ef39567bc43a987102", "size": 147694, "artifact_path": "wandb-client-artifact://rd3yy4lfr2wr3jq10lzehb49n73c4vyznkz81r6s314giv5338472q6kl9vso5j4zosum94a6mb4wkl4v65e0toelafbj2wc7pb4s369rl5pvpu9c137l6c5z2k65y9c:latest/eval_generation/step_5.table.json", "_latest_artifact_path": "wandb-client-artifact://rd3yy4lfr2wr3jq10lzehb49n73c4vyznkz81r6s314giv5338472q6kl9vso5j4zosum94a6mb4wkl4v65e0toelafbj2wc7pb4s369rl5pvpu9c137l6c5z2k65y9c:latest/eval_generation/step_5.table.json", "path": "media/table/eval_generation/step_5_6_6d8e5925354fcd2c77fb.table.json", "ncols": 15, "nrows": 36}, "eval_generation/step_10": {"_type": "table-file", "sha256": "7f2939df093571166ea897fafe0d28c42f653e34c32f75a62ccfd55f6c1e04e3", "size": 146806, "artifact_path": "wandb-client-artifact://kxgsjuwubc39hljtsw575ncn90vhcfscp76rony5ap3kjxd67igdf5rs9vzpfe6q9de6xstx79r2wvtjwj1rd1xn8ud35t3omwz16dethmvys66hxh9z72vd438sd5o8:latest/eval_generation/step_10.table.json", "_latest_artifact_path": "wandb-client-artifact://kxgsjuwubc39hljtsw575ncn90vhcfscp76rony5ap3kjxd67igdf5rs9vzpfe6q9de6xstx79r2wvtjwj1rd1xn8ud35t3omwz16dethmvys66hxh9z72vd438sd5o8:latest/eval_generation/step_10.table.json", "path": "media/table/eval_generation/step_10_12_7f2939df093571166ea8.table.json", "ncols": 15, "nrows": 36}, "eval_generation/step_15": {"_type": "table-file", "sha256": "04c3125487a9aaa1c13c8d8f57110ce707db6227c5be8f3cc690198b31441b92", "size": 147244, "artifact_path": "wandb-client-artifact://nc36s6z9sw7gawnuazwhuwn7rtu0c95h1wdm98ewi36g27k3aqzcgx2wqw7fhr3i5oo11m52di9n72v5xuvkn6m1tck0j8fvx3rr4fvlzjs4lie428bl4oyd4nb2xtae:latest/eval_generation/step_15.table.json", "_latest_artifact_path": "wandb-client-artifact://nc36s6z9sw7gawnuazwhuwn7rtu0c95h1wdm98ewi36g27k3aqzcgx2wqw7fhr3i5oo11m52di9n72v5xuvkn6m1tck0j8fvx3rr4fvlzjs4lie428bl4oyd4nb2xtae:latest/eval_generation/step_15.table.json", "path": "media/table/eval_generation/step_15_18_04c3125487a9aaa1c13c.table.json", "ncols": 15, "nrows": 36}, "eval_generation/step_20": {"_type": "table-file", "sha256": "ff202a0a69786c0dbd730fba333defee82940833079152543f06db8154134afe", "size": 148495, "artifact_path": "wandb-client-artifact://wxzlidueb88jklzjomuc1stsspacsyocd10574wtxfcgxf2k767riem8503xh5kh9n0btigkx846whn7x9999advs1cbjxzd1cowphxfx6g854sxnofm5iesw3jbhd7h:latest/eval_generation/step_20.table.json", "_latest_artifact_path": "wandb-client-artifact://wxzlidueb88jklzjomuc1stsspacsyocd10574wtxfcgxf2k767riem8503xh5kh9n0btigkx846whn7x9999advs1cbjxzd1cowphxfx6g854sxnofm5iesw3jbhd7h:latest/eval_generation/step_20.table.json", "path": "media/table/eval_generation/step_20_24_ff202a0a69786c0dbd73.table.json", "ncols": 15, "nrows": 36}, "eval_generation/step_25": {"_type": "table-file", "sha256": "e7df5f93e3ab73e64f66e51a828135aa6779cc5046d27516c9decd1b61b7be33", "size": 148205, "artifact_path": "wandb-client-artifact://b80fhsz3dfqxbysqdbdo4ygp6tk0xomyz0skjq6n9122x8xey0q5piujmg5xydp1l6wlsh5kbxrrwnorpm2559eg4b88sesizr0r30ocvu2gpbxnpb8cm90nhdqk2v5r:latest/eval_generation/step_25.table.json", "_latest_artifact_path": "wandb-client-artifact://b80fhsz3dfqxbysqdbdo4ygp6tk0xomyz0skjq6n9122x8xey0q5piujmg5xydp1l6wlsh5kbxrrwnorpm2559eg4b88sesizr0r30ocvu2gpbxnpb8cm90nhdqk2v5r:latest/eval_generation/step_25.table.json", "path": "media/table/eval_generation/step_25_30_e7df5f93e3ab73e64f66.table.json", "ncols": 15, "nrows": 36}, "eval_generation/step_30": {"_type": "table-file", "sha256": "dfc887563cd3be9b3265a39dda03441f99cd54c7c0ca6d92f4b53454ebdbb811", "size": 148050, "artifact_path": "wandb-client-artifact://pohmzupevu0pgje8klew6vjf1jpf9tcao17a403kfcgcm291atp9xms9q5ezl3wyuxuvp59mit2s8p8u00lt5wvmp1u6gyiftv7izw98i6xfstkzbwnbijtvkg9wgaoh:latest/eval_generation/step_30.table.json", "_latest_artifact_path": "wandb-client-artifact://pohmzupevu0pgje8klew6vjf1jpf9tcao17a403kfcgcm291atp9xms9q5ezl3wyuxuvp59mit2s8p8u00lt5wvmp1u6gyiftv7izw98i6xfstkzbwnbijtvkg9wgaoh:latest/eval_generation/step_30.table.json", "path": "media/table/eval_generation/step_30_36_dfc887563cd3be9b3265.table.json", "ncols": 15, "nrows": 36}, "eval_generation/step_35": {"_type": "table-file", "sha256": "c6f555ed9b118cdefbe1bf1df9f4cb119e6f50aeb6a03f6f8c80b523f7be5f93", "size": 148160, "artifact_path": "wandb-client-artifact://r8nsh0hmp7nkwkjzd5u3g3dqzgabntfl57e96r4yh5cndtf6q9vo8yjzulgu6ftuqe67c6ctppj537pd1uabje4xdrv9o1sazxnrvi81nff3jqy1q0i2akf9ijlw5r88:latest/eval_generation/step_35.table.json", "_latest_artifact_path": "wandb-client-artifact://r8nsh0hmp7nkwkjzd5u3g3dqzgabntfl57e96r4yh5cndtf6q9vo8yjzulgu6ftuqe67c6ctppj537pd1uabje4xdrv9o1sazxnrvi81nff3jqy1q0i2akf9ijlw5r88:latest/eval_generation/step_35.table.json", "path": "media/table/eval_generation/step_35_42_c6f555ed9b118cdefbe1.table.json", "ncols": 15, "nrows": 36}, "eval_generation/step_40": {"_type": "table-file", "sha256": "d0ce685ea56a9bbda7b7fa91957feaf09dee65934e5294cae32a32d494cb58a6", "size": 148287, "artifact_path": "wandb-client-artifact://7hz71o0a12bg6s755dhxdvphjso6k7wli2rc0zbn3wnk5ektwwdssmwcztx4sdvyzksmfg2vd8h2bodttxv2jll6jztuz06y1k0ufuwi7ui3u9vebbxlnmkqml7ea1z5:latest/eval_generation/step_40.table.json", "_latest_artifact_path": "wandb-client-artifact://7hz71o0a12bg6s755dhxdvphjso6k7wli2rc0zbn3wnk5ektwwdssmwcztx4sdvyzksmfg2vd8h2bodttxv2jll6jztuz06y1k0ufuwi7ui3u9vebbxlnmkqml7ea1z5:latest/eval_generation/step_40.table.json", "path": "media/table/eval_generation/step_40_48_d0ce685ea56a9bbda7b7.table.json", "ncols": 15, "nrows": 36}, "eval_generation/step_45": {"_type": "table-file", "sha256": "f64cf7959902fd4dc43c5e3e01621ba95f183a1514242f45f2212a05498bf91b", "size": 148247, "artifact_path": "wandb-client-artifact://54br67dqofi8ix9f3vm99ig1vjsq7doofu7ev47gvb7jfqaibpw5w0sbi9861cbq4pp5yvr09awhwsbs4acav4yziekw538qw1vmv0axml4t1sr8y9lin2e08hbcnrxk:latest/eval_generation/step_45.table.json",